age,sex,cp,trestbps,chol,fbs,restecg,thalach,exang,oldpeak,slope,ca,thal,soft_label_0,soft_label_1
2,0,1,1,0,0.0,1.0,0,1.0,2.0,2.0,1.0,7.0,0.1532828459201214,0.8467171540798786
2,0,1,1,0,0.0,2.0,0,1.0,2.1,2.0,1.0,6.0,0.0483617989066403,0.9516382010933596
2,0,1,1,0,0.0,2.0,0,1.0,2.4,2.0,2.0,7.0,0.0054856126428246,0.9945143873571752
2,0,1,1,0,0.0,0.0,0,0.0,0.6,2.0,0.0,3.0,0.8743375537597771,0.1256624462402229
2,0,1,1,0,0.0,0.0,0,0.0,0.0,-9.0,-9.0,-9.0,0.8261260270036062,0.1738739729963938
